avatar,background_image,bio,followers,following,id,join_date,join_datetime,join_time,likes,location,media,name,private,tweets,url,username,verified
https://pbs.twimg.com/profile_images/1260575960379908098/XT8K_g2a_400x400.jpg,https://pbs.twimg.com/profile_banners/1122247436217483264/1590250403/1500x500,"30&Nerdy Podcast is for you, the nerds! Join us as we live the nerdy life. Join us as The Nerd World Order takes over. https://linktr.ee/30AndNerdyPodcast¬†‚Ä¶",541,457,1122247436217483264,27 Apr 2019,27 Apr 2019 2:13 PM,2:13 PM,2303,"Atlanta, GA",269,30&NerdyPodcast,0,2389,http://www.30andnerdypodcast.com,30AndNerdyPod,0
https://pbs.twimg.com/profile_images/1265697154191908865/bm4yQ-KA_400x400.jpg,https://pbs.twimg.com/profile_banners/1123770623199731713/1570322812/1500x500,What started as an online argument between friends is now a podcast! With your host: Alex @ultimate_doyer Matt @incredimatt Hannah @chimpmilitia #PodNation,4353,3056,1123770623199731713,1 May 2019,1 May 2019 7:06 PM,7:06 PM,14087,"Fresno, CA",2278,3 Hours Later üéô,0,10995,http://linktr.ee/3hourslater,3hrs_later,0
https://pbs.twimg.com/profile_images/907450341624446976/__esfxOr_400x400.jpg,https://pbs.twimg.com/profile_banners/820303909725929473/1592074091/1500x500,Writer/Producer/Editor. Black List Feature Lab Fellow. Creator of the podcast: The Carlotta Beautox Chronicles on @applepodcasts & more,185,221,820303909725929473,14 Jan 2017,14 Jan 2017 8:17 AM,8:17 AM,2638,Los Angeles,122,AnnCSloan Writes The Carl√∂tta Beautox Chronicles,0,1307,,AnnCSloan,0
https://pbs.twimg.com/profile_images/1067099915019567106/CkE-KEEu_400x400.jpg,https://pbs.twimg.com/profile_banners/1067081514997956610/1571670936/1500x500,"Boosting the marketability of sustainable #biobasedproducts by engaging brands, industries and consumers. Funded by @EU_H2020 & @BBI2020 under GA No.792236",1254,263,1067081514997956610,26 Nov 2018,26 Nov 2018 7:43 AM,7:43 AM,1144,,104,Biobridges Project,0,780,http://www.biobridges-project.eu,BiobridgesH2020,0
https://pbs.twimg.com/profile_images/1234623275654770688/LoHVMMwg_400x400.jpg,https://pbs.twimg.com/profile_banners/1229250265775099907/1583190013/1500x500,"Each month 2 brown girls discuss books & bring their unique perspectives in #BrownGirlsRead podcast!   IG: @browngirlsreadpod, https://bit.ly/3cn1XRz¬†",679,783,1229250265775099907,16 Feb 2020,16 Feb 2020 7:44 PM,7:44 PM,3036,California,53,Brown Girls Read Pod,0,2419,https://browngirlsread.wordpress.com/,Browngirlsread1,0
https://pbs.twimg.com/profile_images/1228090735980941313/qWbEQtcR_400x400.jpg,https://pbs.twimg.com/profile_banners/190373550/1596204863/1500x500,·¥Ä·¥°·¥Ä Ä·¥Ö-·¥°…™…¥…¥…™…¥…¢ ùóñùó•ùóòùóîùóßùó¢ùó• of entertainment. Look here üëâ http://linktr.ee/ckgoldiing¬† // PS. Have you seen @61hugs yet?,10679,3737,190373550,13 Sep 2010,13 Sep 2010 12:58 PM,12:58 PM,23636,Sheffield,7625,CK Goldiing,0,33855,http://ckgoldiing.com,CKGoldiing,0
https://pbs.twimg.com/profile_images/1236047804671422467/gATU8sIg_400x400.jpg,,,44,100,406690342,6 Nov 2011,6 Nov 2011 6:04 PM,6:04 PM,9027,,74,It's ME Mack East,0,1312,,Chippyfresh,0
https://pbs.twimg.com/profile_images/1288316636030738432/9vnqs3w4_400x400.jpg,https://pbs.twimg.com/profile_banners/1245432923018481664/1587695485/1500x500,A #DnD 5e #podcast/visual novel ft. @CassirollChan @Sundropelrod @Ripp_Tides @zento_box and @funnybunnyjay | Every Thursday @ 1pm CST üè≥Ô∏è‚Äçüåà http://discord.gg/yABNShD¬†,1112,1676,1245432923018481664,1 Apr 2020,1 Apr 2020 12:28 PM,12:28 PM,2713,"Varune, Absolem",304,‚ú®Chosen Ones‚ú®,0,1538,https://linktr.ee/ChosenOnes,ChosenOnesDnD,0
https://pbs.twimg.com/profile_images/1174311020178923520/jaxVbkdm_400x400.jpg,https://pbs.twimg.com/profile_banners/3232642998/1571173876/1500x500,Weekly podcast for and about people w/type 1 diabetes hosted by @staceysimms. Spend an hour each week with people who get it. #T1D #DSMA,2924,1929,3232642998,1 Jun 2015,1 Jun 2015 8:12 AM,8:12 AM,1252,"Charlotte, NC",709,Diabetes Connections / T1D,0,2490,http://www.diabetes-connections.com,DiabetesCxns,0
https://pbs.twimg.com/profile_images/1191374635432062976/AO2wBcYR_400x400.jpg,https://pbs.twimg.com/profile_banners/1102037860583116800/1593721933/1500x500,"Welcome to the Badlands! ""Dice Populi"" is a TTRPG podcast that uses D&D 5E to tell stories in a new way -- with 5 rotating dungeon masters!",727,649,1102037860583116800,2 Mar 2019,2 Mar 2019 6:47 PM,6:47 PM,16102,The Badlands,492,DicePopuli,0,2755,http://DicePopuli.com,DicePopuli,0
https://pbs.twimg.com/profile_images/1283122062371041281/usM_nmvT_400x400.jpg,,"Rewatching A Different World as a means to discuss social issues both modern and historic. Comedy, history, and black excellence! Class is in session!",23,58,1277731401719320578,29 Jun 2020,29 Jun 2020 3:32 PM,3:32 PM,10,,2,Different World Same Story,0,28,,DiffWorldPod,0
https://pbs.twimg.com/profile_images/1268380834039382017/hEAPb1Un_400x400.jpg,https://pbs.twimg.com/profile_banners/1106994038232612864/1591239650/1500x500,"A #videogame podcast wherein friends Tedd and John play retro and contemporary games, and then riff about them as only laymen could. üéÆ IG: DoYouWantToContinue",336,440,1106994038232612864,16 Mar 2019,16 Mar 2019 12:02 PM,12:02 PM,1090,,54,Do You Want To Continue?,0,310,https://itunes.apple.com/us/podcast/do-you-want-to-continue/id1455939084?mt=2,DoYouWantToCont,0
https://pbs.twimg.com/profile_images/1213723090561093633/bFLFr0qE_400x400.jpg,https://pbs.twimg.com/profile_banners/1213258637105192961/1590600338/1500x500,"The home for The Drunken Geek, an actual play TTRPG podcast. Currently playing Pathfinder 2e. High pun rate. Support us on Patreon: http://Patreon.com/DrunkenGeekPod¬†",187,239,1213258637105192961,3 Jan 2020,3 Jan 2020 4:47 PM,4:47 PM,298,,22,The Drunken Geek Podcast,0,199,http://thedrunkengeek.com,DrunkenGeekPod,0
https://pbs.twimg.com/profile_images/1201316971809255427/_DSZeyAb_400x400.jpg,https://pbs.twimg.com/profile_banners/1201316729135206400/1583597529/1500x500,"Our characters live the adventurer life, our players live the dad life. New podcast episodes Monday mornings. Support us on Patreon, get #MCM. #roll20spotlight",559,228,1201316729135206400,1 Dec 2019,1 Dec 2019 5:46 PM,5:46 PM,1278,Everywhere.,176,The Dungeon Dads,0,945,http://dungeondads.com,DungeonDadsPod,0
https://pbs.twimg.com/profile_images/1186329039889293312/TGG9i5fz_400x400.jpg,https://pbs.twimg.com/profile_banners/1024430929526190080/1533079411/1500x500,A post-apocalyptic cooking podcast for survivors and thrivers. Season 2 in the works!,667,1200,1024430929526190080,31 Jul 2018,31 Jul 2018 4:05 PM,4:05 PM,1134,"Los Angeles, CA",60,Elaine's Cooking for the Soul,0,524,https://etsy.me/2Wxxt90,ElainesCooking,0
https://pbs.twimg.com/profile_images/676981895800995840/W5X6iLMl_400x400.jpg,https://pbs.twimg.com/profile_banners/1561415238/1577314875/1500x500,"GM of @BirdhouseMyst, Marta Blumhavn on Wed @ http://twitch.tv/cftrpg¬†. I love the Washington Capitals. üè≥Ô∏è‚Äçüåà",305,353,1561415238,1 Jul 2013,1 Jul 2013 1:46 PM,1:46 PM,3250,"Baltimore, MD",74,Ellen the lesbian GM üåà,0,1954,https://linktr.ee/TheBirdhouseMysteries,Ellen_Dalina,0
https://pbs.twimg.com/profile_images/974358422068936704/PS9hZPYX_400x400.jpg,https://pbs.twimg.com/profile_banners/974356729856053248/1521140731/1500x500,Encouraging and inspiring travelers of all types to get the most out of their journeys.,27487,16,974356729856053248,15 Mar 2018,15 Mar 2018 11:48 AM,11:48 AM,2,,35,Far & Wide,0,1238,https://www.farandwide.com/,FarandWidecom,0
https://pbs.twimg.com/profile_images/919303547757326337/f8QtRSvk_400x400.jpg,https://pbs.twimg.com/profile_banners/919301127530622976/1522814355/1500x500,What if movie... but too much?,77,224,919301127530622976,14 Oct 2017,14 Oct 2017 1:37 PM,1:37 PM,242,"Austin, TX",12,FOR THE STORY,0,413,https://forthestorypodcast.podbean.com/,ForTheStoryPod,0
https://pbs.twimg.com/profile_images/1281063931759427585/ug16Ua90_400x400.jpg,https://pbs.twimg.com/profile_banners/953320723564646400/1579221521/1500x500,"Podcast journo, train nerd, occasional streamer. Submit podcast recs on my site. I make @tunedindialedup and @dockingpodcast | He/They - Pan - Genderqueer",2084,817,953320723564646400,16 Jan 2018,16 Jan 2018 9:39 AM,9:39 AM,38382,Writertown,3328,Gavin Gaddis | So-Called Podcaster,0,21579,http://thepodreport.com,GavGaddis,0
https://pbs.twimg.com/profile_images/1279084754294407170/TM4uZNM2_400x400.jpg,https://pbs.twimg.com/profile_banners/348705405/1593792772/1500x500,Head of Product & Marketing at @Podchaser,463,128,348705405,4 Aug 2011,4 Aug 2011 2:32 PM,2:32 PM,1492,"Durham, NC",0,Dave Keine,0,35,https://www.podchaser.com/users/keine,HeyKeine,0
https://pbs.twimg.com/profile_images/1277114971021869056/d6uCm8iy_400x400.jpg,https://pbs.twimg.com/profile_banners/1268929965841678337/1593301288/1500x500,A podcast filled with the golden voices of the D&D & TTRPG community. Visit my Patreon https://www.patreon.com/theironboundchest¬†‚Ä¶!,719,903,1268929965841678337,5 Jun 2020,5 Jun 2020 8:38 AM,8:38 AM,2599,A Dusty Dungeon,211,The Iron Bound Chest,0,1261,https://linktr.ee/TheIronBoundChest,IronBoundChest,0
https://pbs.twimg.com/profile_images/1193121060801175552/R8YZjDRl_400x400.jpg,,Comms and podcast host @McCourtneyInst; instructor @psubellisario; founder @groupdemocracy,266,137,1193120863060733952,9 Nov 2019,9 Nov 2019 2:59 AM,2:59 AM,503,"State College, PA",34,Jenna Spinelle,0,309,http://jennaspinelle.com,JennaSpinelle,0
https://pbs.twimg.com/profile_images/1283758713166344192/b9lNtJHT_400x400.jpg,https://pbs.twimg.com/profile_banners/1283758605917925376/1595294337/1500x500,"A new #podcast where every episode is an adventure. We discuss news, play games, movie and video game reviews, talk about fun topics, drink, do Q&A's and more!",925,1850,1283758605917925376,16 Jul 2020,16 Jul 2020 6:41 AM,6:41 AM,1084,,153,The Laughs & Rec Podcast,0,586,https://linktr.ee/TheLaughsAndRecPodcast,LaughsRec,0
https://pbs.twimg.com/profile_images/1292940782509457408/CNdZI7R3_400x400.jpg,https://pbs.twimg.com/profile_banners/961836364206555138/1597096078/1500x500,Hello everyone i am 35 years old and i am a handmade jewelry designer,689,1959,961836364206555138,8 Feb 2018,8 Feb 2018 9:37 PM,9:37 PM,1718,"Lynn, MA",1610,Liqea Hill,0,5943,,LiqeaH,0
https://abs.twimg.com/sticky/default_profile_images/default_profile_400x400.png,https://pbs.twimg.com/profile_banners/1167749302959169536/1594933518/1500x500,Student Professional graphic designer,12,16,1167749302959169536,31 Aug 2019,31 Aug 2019 3:42 AM,3:42 AM,4,,10,Graphic world,0,10,https://cutt.ly/lsE7CuW,MaryRop80289134,0
https://pbs.twimg.com/profile_images/1229827196295970816/YiP6f3Ux_400x400.jpg,https://pbs.twimg.com/profile_banners/1089211926167633920/1590956628/1500x500,A 5e Actual Play Podcast using Sandy Petersen's Cthulhu Mythos 5e. Join us in madness as our heroes solve the mysteries of the unknown. #BlackLivesMatter,1332,2873,1089211926167633920,26 Jan 2019,26 Jan 2019 9:22 AM,9:22 AM,7465,,431,Microphones & Monsters,0,4040,http://microphonesandmonsters.com,MicsAndMonsters,0
https://pbs.twimg.com/profile_images/1243548979398356993/aDVMw_me_400x400.jpg,https://pbs.twimg.com/profile_banners/1238936895415074818/1585320174/1500x500,This is the Twitter feed for That Movie List Podcast. A Podcast that discusses films through the most random Movie Lists in the World!,135,181,1238936895415074818,14 Mar 2020,14 Mar 2020 2:16 PM,2:16 PM,38,,8,Ben @ That Movie Lists Podcast,0,72,,MovieListPod,0
https://pbs.twimg.com/profile_images/1262814218098704386/rOXwwkVa_400x400.jpg,https://pbs.twimg.com/profile_banners/4129709615/1589913347/1500x500,"Welcome to the Nest of Horrors, a short horror story telling podcast.   Hosted by @VoiceOfTeras",96,43,4129709615,6 Nov 2015,6 Nov 2015 2:05 PM,2:05 PM,432,Scotland,10,Nest of Horrors Podcast,0,218,https://www.nestofhorrors.com/,Nestofhorrors,0
https://pbs.twimg.com/profile_images/1089751595221479424/UCqcYC9e_400x400.jpg,,The Pop-O-Holics record weekly to discuss the media they‚Äôve been consuming in an effort to better understand pop-culture and its impact on our world.,33,20,1089749787614826501,27 Jan 2019,27 Jan 2019 8:59 PM,8:59 PM,114,"Florida, USA",29,Pop-O-Holics,0,125,https://itunes.apple.com/us/podcast/popoholics/id1436563644?mt=2,PopOHolics,0
https://pbs.twimg.com/profile_images/1279975691166060546/afJd37lp_400x400.jpg,https://pbs.twimg.com/profile_banners/1279622406018039808/1593998829/1500x500,Real Men Record Their Wives #Podcast -TUNE IN for REAL hot-button talk between 2 REAL #couples üëÄüí•WARNING: For Men & Women who keep it #REAL ‚ú®Latest Episodeüëá‚ú®,54,65,1279622406018039808,4 Jul 2020,4 Jul 2020 8:47 PM,8:47 PM,261,,45,REAL MEN RECORD THEIR WIVES,0,156,https://anchor.fm/rmrtwpodcast,RMRTWPodcast,0
https://pbs.twimg.com/profile_images/1283505926989848581/4H0jmw1g_400x400.jpg,https://pbs.twimg.com/profile_banners/1283119141902319618/1594846635/1500x500,"Official Twitter account for the Random Acts of Self podcast. Focus: happiness, self-care, stress management, and wellness. IG: RandomActsPod",337,350,1283119141902319618,14 Jul 2020,14 Jul 2020 12:20 PM,12:20 PM,358,Online,8,RandomActsPodcast,0,140,http://www.RandomActsOfSelf.com,RandomActsPod,0
https://pbs.twimg.com/profile_images/1291952727573049344/XR1GV_Ne_400x400.jpg,,"Writer, Filmmaker, Gamer, Silly Person. Winner of Various Fictitious Awards. Fluent in English and Pop Culture References. Occasional Podcast Guest Host.",23,296,1291952568223047681,7 Aug 2020,7 Aug 2020 9:21 PM,9:21 PM,67,"Toronto, Ontario",4,Matt,0,88,https://anchor.fm/culture-popped,RealMFresh,0
https://pbs.twimg.com/profile_images/1289682100581470218/gvcApGpR_400x400.jpg,https://pbs.twimg.com/profile_banners/377371443/1597069100/1500x500,,242,85,377371443,21 Sep 2011,21 Sep 2011 6:34 AM,6:34 AM,5036,,19,Vinny,0,381,,RollingwVinny,0
https://pbs.twimg.com/profile_images/1276977951855149057/HqDrEvTT_400x400.jpg,https://pbs.twimg.com/profile_banners/291458408/1408841387/1500x500,Professional Ceramic Artist and Photographer  Game Master and Producer for @dimensionpod,292,285,291458408,1 May 2011,1 May 2011 6:58 PM,6:58 PM,566,"Tempe, Arizona",598,James Schwarz,0,12521,http://jschwarzart.com,SchwarzJames,0
https://pbs.twimg.com/profile_images/1281682721736134660/kkV5NamF_400x400.jpg,,"Podcast where 2 sisters who are NOT movie critics, look back on some of their favorites throughout the years through a psychological, ethical, and familial lens",59,440,1281679696892243968,10 Jul 2020,10 Jul 2020 1:02 PM,1:02 PM,24,,0,Sisters Who Scene It,0,276,https://sisterswhosceneit.buzzsprout.com,SistersWhoScene,0
https://pbs.twimg.com/profile_images/973295099366043650/Swao42lH_400x400.jpg,https://pbs.twimg.com/profile_banners/946147096356417537/1520887854/1500x500,We are podcast focused on story driven video games. https://www.patreon.com/TheGreatestStoryEverPlayed¬†‚Ä¶,1145,83,946147096356417537,27 Dec 2017,27 Dec 2017 2:33 PM,2:33 PM,69844,,480,The Greatest Story Ever Played,0,6537,https://thegreateststoryeverplayed.com/,StoryEverPod,0
https://pbs.twimg.com/profile_images/1229810464298803202/OB8Yewju_400x400.jpg,https://pbs.twimg.com/profile_banners/2480248968/1587575829/1500x500,"Join Dietrich, Alex & Ben as they go on a podcast journey through the very best (and worst) of movie songs - SUBSCRIBE NOW!",3357,2615,2480248968,6 May 2014,6 May 2014 12:19 PM,12:19 PM,7004,,459,That Song From That Movie,0,1130,https://podfollow.com/that-song-from-that-movie,TSFTMpod,0
https://pbs.twimg.com/profile_images/1260321128230387719/F-hyI0L-_400x400.jpg,https://pbs.twimg.com/profile_banners/1251870046265192452/1589320548/1500x500,"A podcast about the people of Teen People magazine, by Anna Soper @Flora150Project. Pop culture, politics, and personal opinions. Unofficial. #TeenPeoplePodcast",47,460,1251870046265192452,19 Apr 2020,19 Apr 2020 6:48 AM,6:48 AM,511,,45,Teen People Podcast,0,250,https://soundcloud.com/teenpeoplepod,TeenPeoplePod,0
https://pbs.twimg.com/profile_images/1284189272275386372/9RSe1vCJ_400x400.jpg,https://pbs.twimg.com/profile_banners/1235802349979000832/1583474220/1500x500,Myth | Legend | Everybody's Friend | Podcast Host.    All Pop Culture All the Time,71,338,1235802349979000832,5 Mar 2020,5 Mar 2020 9:40 PM,9:40 PM,1619,"Toronto, Ontario",106,Hunter Bishop,0,1008,https://anchor.fm/culture-popped,TheHunterBishop,0
https://pbs.twimg.com/profile_images/1280322176722374656/5VPl_bwd_400x400.jpg,https://pbs.twimg.com/profile_banners/838443889702944769/1589378392/1500x500,SciNat podcast from @devthenatureguy & Richard Bowker about Wild lives & the people who study them. Also a nonprofit! üêãü¶òü¶àü¶çü¶ùüå≤http://patreon.com/thewildlife¬†,806,2310,838443889702944769,5 Mar 2017,5 Mar 2017 9:39 AM,9:39 AM,1343,United States,254,The Wild Life | Podcast ‚Ä¢ Nonprofit,0,1178,http://www.thewildlife.blog,TheWildLifepod,0
https://pbs.twimg.com/profile_images/918234881838276609/9LV_H03b_400x400.jpg,https://pbs.twimg.com/profile_banners/918219892779814912/1507759515/1500x500,"A podcast about disease, science, and blood sucking-insects #SciencePodcast #PodcastEspa√±ol #podcast #mosquito",494,542,918219892779814912,11 Oct 2017,11 Oct 2017 2:00 PM,2:00 PM,1704,"Chicago, IL",104,Tiny Vampires Podcast,0,1485,http://TinyVampires.com,TinyVampiresPod,0
https://pbs.twimg.com/profile_images/1275072731088707594/Rl30HQSt_400x400.jpg,https://pbs.twimg.com/profile_banners/1086251743342555137/1592836787/1500x500,"Vince | They/Them | Queer Artist, Functioning Human | Host of @H_i_P_Podcast",18,97,1086251743342555137,18 Jan 2019,18 Jan 2019 5:19 AM,5:19 AM,734,Celestial Plane,17,OneCapturedDesign,0,309,https://www.youtube.com/channel/UCvS-AGbCCsZsbwo6xTlO-Rg,VincentMacElroy,0
https://pbs.twimg.com/profile_images/1271142374853525505/TzI522pq_400x400.jpg,https://pbs.twimg.com/profile_banners/3135563175/1520998857/1500x500,"Gaming podcast for people who hate gaming podcasts! Hosted by Dan & Nick. New episodes available on Anchor, Spotify, Apple Podcasts, iHeartRadio and more!",1929,2942,3135563175,4 Apr 2015,4 Apr 2015 7:38 PM,7:38 PM,123296,,2401,WTFamicom : A Gaming Podcast,0,15969,https://linktr.ee/WTFamicom,WTFamicom,0
https://pbs.twimg.com/profile_images/1213494285330452481/oHXCYqvY_400x400.jpg,https://pbs.twimg.com/profile_banners/1202537174505271296/1578155481/1500x500,"Beholder to No One is a D&D Podcast that discusses everything DnDs with your host Nikki (she/her), aka The Dragon Queen and Greg (he/him)!",405,332,1202537174505271296,5 Dec 2019,5 Dec 2019 2:36 AM,2:36 AM,4008,,76,Beholder to No One (Nikki),0,1404,https://beholdertonoone.podbean.com/,beholdertonoone,0
https://pbs.twimg.com/profile_images/1241202415044526082/bTx__NVc_400x400.png,https://pbs.twimg.com/profile_banners/1191418238531461122/1590947702/1500x500,"#StarWars news, reviews, and points of view. Hosted by Josh (@JediJARJAR1722) and Adam (@thegoz85). Part of the @Red5Network #WeAreRed5 #Red5Family",618,740,1191418238531461122,4 Nov 2019,4 Nov 2019 10:13 AM,10:13 AM,3435,,995,From a Certain POV Podcast,0,2739,https://fromacertainpointofview.com,certainpovpod,0
https://pbs.twimg.com/profile_images/609599836761948160/iOLleAO8_400x400.jpg,https://pbs.twimg.com/profile_banners/150136103/1434174883/1500x500,Check out my game on steam called Elven Magic,72,71,150136103,30 May 2010,30 May 2010 10:11 PM,10:11 PM,184,,1,Author,0,651,http://www.elvenmagicgame.com,danielchayau,0
https://pbs.twimg.com/profile_images/1275546360998244359/voUNUmH4_400x400.jpg,https://pbs.twimg.com/profile_banners/1257036164822781952/1588536274/1500x500,"A biweekly podcast about the global history of magic, sorcery, and witchcraft hosted by @casasforza. New episodes every other Friday.",173,172,1257036164822781952,3 May 2020,3 May 2020 12:56 PM,12:56 PM,517,,65,Enchanted Podcast,0,262,http://enchantedpodcast.net,enchantedpod,0
https://pbs.twimg.com/profile_images/1268537871562088448/MrPzLeuC_400x400.jpg,https://pbs.twimg.com/profile_banners/1107040825039601664/1591277972/1500x500,"A Podcast of 6 professional voice actors playing a Ravnica D&D Campaign with an epic story focus. Join the party @nerdist calls a ""Critical Hit""!",1520,3257,1107040825039601664,16 Mar 2019,16 Mar 2019 3:07 PM,3:07 PM,5382,"New York, NY",1069,Encounter Party! üîú New eps on Tuesdays,0,3212,https://linktr.ee/EncounterParty,encounter_party,0
https://pbs.twimg.com/profile_images/1034647490841067520/sMQeuwyT_400x400.jpg,https://pbs.twimg.com/profile_banners/2494333988/1590892702/1500x500,,10572,11459,2494333988,14 May 2014,14 May 2014 9:36 AM,9:36 AM,3821,,446,The Future Is Female,0,2388,,femaleisfuture_,0
https://pbs.twimg.com/profile_images/1185707316349407232/TBCe7IZ-_400x400.jpg,https://pbs.twimg.com/profile_banners/1142493012120997889/1571529629/1500x500,"A D&D 5e multi-camera, actual-play web show following a pair of monster hunters. Season 1: Realmshield now on YouTube!",338,499,1142493012120997889,22 Jun 2019,22 Jun 2019 11:02 AM,11:02 AM,2896,"Minnesota, USA",132,The First Watch - D&D Web Series,0,642,https://linktr.ee/firstwatchshow,firstwatchshow,0
https://pbs.twimg.com/profile_images/1247155515999703047/FpMqmO1o_400x400.jpg,https://pbs.twimg.com/profile_banners/2351430687/1584872595/1500x500,Curious about what makes a dream happen. Trying to be a good example for my son. My podcast: @smalltalks17 üëâ new episode every Sun https://stam.buzzsprout.com¬†,30,156,2351430687,18 Feb 2014,18 Feb 2014 2:18 PM,2:18 PM,195,"Malmo, Sweden",16,Flavia dalla Svezia,0,408,https://stam.buzzsprout.com,fm_nl_2,0
https://pbs.twimg.com/profile_images/684045122795880449/7z-5u56H_400x400.jpg,https://pbs.twimg.com/profile_banners/1308597030/1520427878/1500x500,(Alix.) Historian adjacent. @UniofYork @KingsCollegeLon. Museum staff. Theatre fan. Tea lover. Dog person. Cane user. @CastingLotsPod. She/Her. Identity First.,219,459,1308597030,27 Mar 2013,27 Mar 2013 2:01 PM,2:01 PM,2937,"London, England",181,Anathema P. ‚òïüé≠üèõÔ∏è,0,3340,https://instagram.com/castinglotspod,histortea,0
https://pbs.twimg.com/profile_images/1264994309776039938/CuI0UPRk_400x400.jpg,https://pbs.twimg.com/profile_banners/821846/1355922431/1500x500,Back home after 20+ years working in UX in üáπüáº & üá®üá≥ Now leading a podcast venture @sleeptightmedia +  design studio @minzoostudio,674,558,821846,8 Mar 2007,8 Mar 2007 6:31 AM,6:31 AM,7369,"Stratford, Prince Edward Island",828,Clark MacLeod ÔºàÂÖãÊãâÂÖãÔºâ,0,13328,http://clarkmacleod.com,kelake,0
https://pbs.twimg.com/profile_images/1266421456549875716/Ccwn5_DA_400x400.jpg,https://pbs.twimg.com/profile_banners/738030121521647617/1593993340/1500x500,Actor. Podcaster. Producer/Director/Narrator of @VanishingPod. Cohost on @FilmAnother. Shannon on @IbbyPodcast. @paddingtonbear superfan. She/Her/Hers,153,595,738030121521647617,1 Jun 2016,1 Jun 2016 8:31 AM,8:31 AM,2267,"Chicago, IL",27,Lauren Grace Thompson,0,1027,http://vanishingpod.com,lauren_grace_t,0
https://pbs.twimg.com/profile_images/1204574429524766720/0lY6N702_400x400.jpg,https://pbs.twimg.com/profile_banners/1184841334768713729/1573274584/1500x500,Season 2 - Now playing at your local podcatcher. Podcasting a slice from a life. No noise. No anxiety. No drama. Celebrating differences and similarities.,109,196,1184841334768713729,17 Oct 2019,17 Oct 2019 7:39 AM,7:39 AM,440,Montr√©al,82,Lifeslice Podcast,0,253,http://www.lifeslicepodcast.com,lifeslice3,0
https://pbs.twimg.com/profile_images/1273644171153354754/lkekchUH_400x400.jpg,https://pbs.twimg.com/profile_banners/1234538654057533440/1583344420/1500x500,The most random and energetic/pointless podcast YOU will ever listen to!,955,822,1234538654057533440,2 Mar 2020,2 Mar 2020 9:58 AM,9:58 AM,7128,,191,Listen! Listen! Listen! With Curtis Elton,0,6963,https://podcasts.apple.com/us/podcast/listen-listen-listen/id1402778724,lislislistenpod,0
https://pbs.twimg.com/profile_images/1268417916271120386/PNyBNfwN_400x400.jpg,https://pbs.twimg.com/profile_banners/2293594190/1438637547/1500x500,The Podcaster's Voice. Host: @HarryDuranFC. Buy me a ‚òïÔ∏è http://pjnk.es/coffee¬† ‚Ä¢ #Latinx #BlackLivesMatter MAGIC üé© SUBSCRIPTION LINKüëá,6228,5328,2293594190,15 Jan 2014,15 Jan 2014 4:42 PM,4:42 PM,6149,"Minneapolis, MN",6994,Podcast Junkies,0,24489,http://pjnk.es/subscribe,podcast_junkies,0
https://pbs.twimg.com/profile_images/1286368732919615493/VLRDekiw_400x400.jpg,https://pbs.twimg.com/profile_banners/1280322824184397824/1595529180/1500x500,Antonio Price (Christian Podcaster) teaches new believers how to apply different note-taking methods when studying the word of God.,25,30,1280322824184397824,6 Jul 2020,6 Jul 2020 7:08 PM,7:08 PM,51,Washington DC,8,podcasterprice,0,19,https://pricepodcast.libsyn.com/,podcasterprice,0
https://pbs.twimg.com/profile_images/1261090835199864832/1ZhD3WB4_400x400.jpg,https://pbs.twimg.com/profile_banners/14019652/1530893142/1500x500,"family guy, WFH Dad, @liveinthefeast host üéß helping developers and designers building predictable income. @convertkit Expert & founder of http://nurturekit.co¬†",3319,1135,14019652,26 Feb 2008,26 Feb 2008 10:50 AM,10:50 AM,14658,"Oceanside, NY",6559,Jason Resnick üë®‚Äçüë©‚Äçüë¶‚Äçüë¶ü§ò,0,45806,http://feastclub.co,rezzz,0
https://pbs.twimg.com/profile_images/1249376640255344645/FlW9eUCt_400x400.jpg,,"We are Sean & Nick, Join us on a weekly basis as we take our pub conversation about everything from pop culture to self development and everything in between.",42,168,1249376400290844673,12 Apr 2020,12 Apr 2020 9:38 AM,9:38 AM,126,,19,The SeaNick Route Podcast,0,155,,seanickroutepod,0
https://pbs.twimg.com/profile_images/1285595285088088065/khdDVbai_400x400.jpg,https://pbs.twimg.com/profile_banners/1135571328591892481/1591026269/1500x500,A podcast hosted by @twitrjohn and @markgillis1970,1286,1724,1135571328591892481,3 Jun 2019,3 Jun 2019 8:37 AM,8:37 AM,1817,JaMcast Studio,226,The JaMcast Pod üéôüáÆüá™,0,1829,https://open.spotify.com/episode/080Fqmt2J3kjK5MVyH5qsN?si=zty9Y_WlROOveEyxqQBV0Q,theJaMcastpod,0
https://pbs.twimg.com/profile_images/1251509183058530310/tQRBxBE__400x400.jpg,https://pbs.twimg.com/profile_banners/1195442463911153670/1581239258/1500x500,"Podcast on pop culture, discussions on life and bringing positive to everyday life. How are you leveling up your life. LevelUP or ShutUp #thelevelupcrew",853,1196,1195442463911153670,15 Nov 2019,15 Nov 2019 12:45 PM,12:45 PM,4504,,187,The Level Up Crew,0,1218,https://anchor.fm/leveluporshutup,thelevelupcrew,0
https://pbs.twimg.com/profile_images/1206443856381857792/tAa1ApNL_400x400.jpg,,Co-host of @PopOHolics and aspiring film producer.,20,122,1206443593289936898,15 Dec 2019,15 Dec 2019 9:19 PM,9:19 PM,1270,"Florida, USA",17,Brian Dupre,0,174,https://itunes.apple.com/us/podcast/popoholics/id1436563644?mt=2,truepopoholic,0
https://pbs.twimg.com/profile_images/1273313804705816576/4x3w0Bg0_400x400.jpg,https://pbs.twimg.com/profile_banners/897475742707200000/1592513187/1500x500,"music geek, blogger, co-host of @SoundrisePod",112,311,897475742707200000,15 Aug 2017,15 Aug 2017 8:11 AM,8:11 AM,219,Poland,9,Vladimir Mihajloviƒá,0,112,,vladmihajlovic,0
https://pbs.twimg.com/profile_images/1268821811455811586/b_0m3zgW_400x400.jpg,https://pbs.twimg.com/profile_banners/202990434/1596094894/1500x500,Hier twittert das #Wissenschaftsjahr zum Thema #DasistBio√∂konomie #Bio√∂konomie #Nachhaltigkeit #biobasiert u.v.m.,10190,1323,202990434,15 Oct 2010,15 Oct 2010 1:25 AM,1:25 AM,10122,,1884,Wissenschaftsjahr,0,8388,http://www.wissenschaftsjahr.de,w_jahr,1
